county,city_code,urban_rural,region
1,1017,1,7
1,1213,1,7
1,1348,1,7
1,1151,1,7
1,1455,1,7
1,1696,1,7
1,1794,1,7
1,1874,1,7
1,8096,1,7
1,1936,1,7
1,2130,3,7
1,2309,3,7
1,2381,3,7
1,2577,3,7
1,2915,1,7
1,2988,3,7
1,3039,3,7
1,3397,3,7
1,3459,3,7
1,4106,3,7
1,3761,3,7
1,3805,3,7
1,3841,3,7
1,3958,3,7
1,1071,3,7
1,4008,3,7
1,4188,3,7
1,4142,3,7
1,4240,3,7
1,4268,3,7
1,4302,3,7
1,4366,3,7
1,4482,3,7
1,4525,3,7
1,4703,3,7
1,4767,3,7
1,4927,3,7
1,4981,3,7
1,5103,3,7
1,5167,3,7
1,5210,3,7
1,5309,3,7
1,5336,3,7
1,5577,3,7
1,5700,3,7
1,5755,3,7
1,5826,3,7
1,6048,3,7
1,6119,3,7
1,6164,3,7
1,6217,3,7
1,6271,3,7
1,6397,3,7
1,6468,3,7
1,6547,3,7
1,6627,3,7
1,6592,3,7
1,6930,3,7
1,6761,3,7
1,6976,3,7
1,7044,3,7
1,7348,3,7
1,7384,3,7
1,7099,3,7
1,7197,3,7
1,7810,3,7
1,7446,3,7
1,7865,3,7
1,7945,3,7
1,7767,3,7
1,8014,3,7
1,8158,3,7
1,8229,3,7
1,8354,3,7
1,8425,3,7
1,8826,3,7
2,9262,1,5
2,9459,1,5
2,9495,1,5
2,9538,1,5
2,9574,1,5
2,9627,1,5
2,9654,1,5
2,9690,1,5
2,9743,3,5
2,9798,3,5
2,9832,3,5
2,10051,3,5
2,10104,3,5
2,9887,3,5
2,9930,3,5
2,10006,3,5
2,10195,3,5
2,10239,3,5
2,10293,3,5
2,10346,3,5
2,10373,3,5
2,10417,3,5
2,10453,3,5
2,10514,3,5
2,10532,3,5
2,10649,3,5
2,10701,3,5
2,10765,3,5
2,9280,3,5
2,10827,3,5
2,10872,3,5
2,10916,3,5
2,10943,3,5
2,11174,3,5
2,11058,3,5
2,11236,3,5
2,11307,3,5
2,11352,3,5
2,9333,3,5
2,11398,3,5
2,11423,3,5
2,11478,3,5
2,11502,3,5
2,11539,3,5
2,11584,1,5
2,11637,3,5
2,11664,3,5
2,11735,3,5
2,11762,3,5
2,12144,3,5
2,12091,1,5
2,11842,3,5
2,11940,3,5
2,12206,3,5
2,11995,3,5
2,12037,3,5
2,12224,3,5
2,12242,3,5
2,12288,3,5
2,12340,3,5
2,12055,3,5
2,12368,3,5
2,12402,3,5
2,12126,3,5
2,9360,3,5
2,12509,3,5
2,12457,3,5
2,12572,3,5
2,12689,3,5
2,12643,3,5
2,9397,3,5
2,12778,3,5
2,12812,3,5
2,12849,3,5
2,12876,3,5
3,13169,1,3
3,13490,1,3
3,13622,1,3
3,13668,1,3
3,13301,1,3
3,13757,1,3
3,13819,3,3
3,13891,3,3
3,13935,3,3
3,13999,3,3
3,14049,3,3
3,14085,3,3
3,14165,3,3
3,14272,3,3
3,14450,3,3
3,13187,3,3
3,14352,3,3
3,14405,3,3
3,14584,3,3
3,14673,3,3
3,14726,3,3
3,13276,3,3
3,14753,3,3
3,14851,3,3
3,14922,3,3
3,14940,3,3
3,15064,3,3
3,15108,3,3
3,15233,3,3
3,15313,3,3
3,15402,3,3
3,15448,3,3
3,15493,3,3
3,15554,3,3
3,15652,3,3
3,15741,3,3
3,15830,3,3
3,15901,3,3
3,15983,3,3
3,16132,3,3
3,16329,3,3
3,16365,3,3
3,16285,3,3
3,16427,3,3
3,16454,3,3
3,16506,3,3
3,16472,3,3
3,16551,3,3
3,16613,3,3
3,16659,3,3
3,16739,3,3
3,16757,3,3
3,16908,3,3
3,16944,3,3
3,17049,3,3
3,13365,3,3
3,17101,3,3
3,17209,3,3
3,17254,3,3
3,17334,3,3
3,17398,3,3
3,17423,3,3
3,17496,3,3
3,17575,3,3
3,17619,3,3
3,17726,3,3
3,17771,3,3
3,17824,3,3
3,17851,3,3
3,18028,3,3
3,17913,3,3
3,17968,3,3
3,18162,3,3
3,18242,3,3
3,18331,3,3
3,18411,3,3
3,18475,3,3
3,18527,3,3
3,18554,3,3
3,18581,3,3
3,18670,3,3
3,18741,3,3
3,18778,3,3
3,19114,3,3
3,13392,1,3
3,18858,3,3
3,18938,3,3
3,19141,3,3
3,19007,3,3
3,19212,3,3
3,19249,3,3
3,19338,3,3
3,19392,3,3
3,19560,3,3
3,19631,3,3
3,19695,3,3
3,13524,3,3
3,19793,3,3
3,19999,3,3
4,20297,1,1
4,20563,1,1
4,20778,1,1
4,20821,1,1
4,22166,1,1
4,20876,1,1
4,20910,1,1
4,20965,1,1
4,21007,3,1
4,21098,3,1
4,21123,3,1
4,21196,3,1
4,21454,3,1
4,21249,3,1
4,21338,3,1
4,21418,3,1
4,21506,3,1
4,21560,3,1
4,21597,3,1
4,21668,3,1
4,21757,3,1
4,21720,3,1
4,21855,3,1
4,21891,3,1
4,21971,3,1
4,22059,3,1
4,22111,3,1
4,22237,3,1
4,22380,3,1
4,22460,3,1
4,22488,3,1
4,22576,3,1
4,22665,3,1
4,22781,3,1
4,22718,3,1
4,22834,3,1
4,20607,3,1
4,22898,3,1
4,20313,3,1
4,22941,3,1
4,23047,3,1
4,23127,3,1
4,20359,3,1
4,23207,3,1
4,23289,3,1
4,23350,3,1
4,23387,3,1
4,20411,3,1
4,23449,3,1
4,20466,3,1
4,23494,3,1
4,23644,3,1
4,23715,3,1
4,23797,3,1
4,23868,3,1
4,23948,3,1
4,23975,3,1
4,24187,3,1
4,24034,3,1
4,24276,3,1
4,24089,3,1
4,24338,3,1
4,24427,3,1
4,24524,3,1
4,24631,3,1
4,24766,3,1
4,24837,3,1
4,24711,3,1
4,24999,3,1
4,25148,3,1
4,25068,3,1
4,25228,3,1
4,25291,3,1
4,25362,3,1
4,25488,3,1
4,25521,3,1
4,20670,3,1
4,25629,3,1
4,25692,3,1
4,25825,3,1
4,25745,3,1
4,25861,3,1
4,25932,3,1
4,26029,3,1
4,26083,3,1
4,26118,3,1
4,26289,3,1
5,26564,1,6
5,26699,1,6
5,26804,1,6
5,26877,1,6
5,26920,1,6
5,26975,1,6
5,26840,1,6
5,32027,1,6
5,27007,1,6
5,27070,3,6
5,27169,3,6
5,26742,3,6
5,27212,3,6
5,27285,3,6
5,27329,3,6
5,27383,3,6
5,27436,3,6
5,27506,3,6
5,27560,3,6
5,27631,3,6
5,27686,3,6
5,27757,3,6
5,27846,3,6
5,27908,3,6
5,27935,3,6
5,27971,3,6
5,28077,3,6
5,28709,3,6
5,28139,3,6
5,28193,3,6
5,28246,3,6
5,28335,3,6
5,28415,3,6
5,28497,3,6
5,28530,3,6
5,28610,3,6
5,28665,3,6
5,28763,3,6
5,28816,3,6
5,28889,3,6
5,28941,3,6
5,29001,3,6
5,29038,3,6
5,29092,3,6
5,29154,3,6
5,29243,3,6
5,29341,3,6
5,29403,3,6
5,29467,3,6
5,29519,3,6
5,29573,3,6
5,29662,3,6
5,29724,3,6
5,29813,3,6
5,29760,3,6
5,29902,3,6
5,29948,3,6
5,30014,3,6
5,30069,3,6
5,30149,3,6
5,30229,3,6
5,30274,3,6
5,30336,3,6
5,30416,3,6
5,30470,3,6
5,30568,3,6
5,30648,3,6
5,30719,3,6
5,30773,3,6
5,30844,3,6
5,30871,3,6
5,30915,1,6
5,30988,3,6
5,31011,3,6
5,31057,3,6
5,26582,3,6
5,26653,3,6
5,31128,3,6
5,31333,3,6
5,31379,3,6
5,31422,3,6
5,31208,3,6
5,31510,3,6
5,31262,3,6
5,31609,3,6
5,31565,3,6
5,31654,3,6
5,31878,3,6
5,31716,3,6
5,31789,3,6
5,31841,3,6
5,31921,3,6
5,31976,3,6
5,32090,3,6
5,32045,3,6
6,32394,1,6
6,32483,1,6
6,32544,1,6
6,32599,1,6
6,32633,3,6
6,32660,3,6
6,32704,3,6
6,32768,3,6
6,32811,3,6
6,32884,3,6
6,33015,3,6
6,33122,3,6
6,32955,3,6
6,33177,3,6
6,33202,3,6
6,33248,3,6
6,33275,3,6
6,33337,3,6
6,33364,3,6
6,33382,3,6
6,33435,3,6
6,33514,3,6
6,33541,3,6
6,33603,3,6
6,33729,3,6
6,33621,3,6
6,33765,3,6
6,33658,3,6
6,33845,3,6
6,33881,3,6
6,33952,3,6
6,33989,3,6
6,34075,3,6
6,34155,3,6
6,34173,3,6
6,34235,3,6
6,34262,3,6
6,34280,3,6
6,34333,3,6
6,34360,3,6
6,34397,3,6
6,34477,3,6
6,34618,3,6
6,34645,3,6
6,34690,3,6
6,34770,3,6
6,34850,3,6
6,34422,3,6
6,34903,3,6
6,34547,3,6
6,35152,3,6
6,34985,3,6
6,35054,3,6
6,35090,3,6
6,35269,3,6
6,35312,3,6
6,35429,3,6
7,35731,1,1
7,36006,1,1
7,35946,1,1
7,36060,1,1
7,36131,3,1
7,36202,3,1
7,36300,3,1
7,36373,3,1
7,36426,3,1
7,36453,1,1
7,36499,3,1
7,36532,3,1
7,36569,3,1
7,36649,3,1
7,36676,3,1
7,36756,3,1
7,36809,3,1
7,36907,3,1
7,36952,3,1
7,35759,3,1
7,37057,3,1
7,37011,3,1
7,37100,3,1
7,37173,3,1
7,37217,3,1
7,37280,1,1
7,37324,3,1
7,37397,3,1
7,37459,3,1
7,37618,3,1
7,37547,3,1
7,37672,3,1
7,37734,3,1
7,37770,3,1
7,37823,3,1
7,37850,3,1
7,37912,3,1
7,37958,3,1
7,38063,3,1
7,38161,3,1
7,38241,3,1
7,38321,3,1
7,38376,3,1
7,38456,3,1
7,38492,3,1
7,38544,3,1
7,38580,3,1
7,35839,3,1
7,38633,3,1
7,38679,3,1
7,38731,3,1
7,38811,3,1
7,38848,3,1
7,38893,3,1
7,39122,3,1
7,35884,3,1
7,39168,1,1
7,39220,3,1
7,38982,3,1
7,39051,3,1
7,39266,3,1
7,39328,3,1
7,39391,3,1
7,39417,3,1
7,39532,3,1
7,39612,3,1
7,39694,3,1
7,39658,3,1
7,39738,3,1
7,39792,3,1
7,39836,3,1
7,39872,3,1
8,40198,1,7
8,40278,1,7
8,40241,1,7
8,40303,1,7
8,40367,1,7
8,40394,1,7
8,40438,1,7
8,40465,1,7
8,40492,1,7
8,40526,3,7
8,40544,3,7
8,40606,3,7
8,40633,3,7
8,40688,3,7
8,40704,3,7
8,40768,3,7
8,40820,3,7
8,40857,3,7
8,40900,3,7
8,40928,3,7
8,40955,3,7
8,40991,3,7
8,40214,1,7
8,41033,3,7
8,41088,3,7
8,41113,3,7
8,41177,3,7
8,41248,3,7
8,41284,3,7
8,41346,3,7
8,41382,3,7
8,41417,3,7
8,41471,3,7
8,41541,3,7
8,41578,3,7
8,41621,3,7
8,41667,3,7
8,41701,3,7
8,41738,3,7
8,41925,3,7
8,41818,3,7
8,41854,3,7
8,41943,3,7
8,42003,3,7
8,42058,3,7
8,42076,3,7
8,42101,3,7
8,42156,3,7
8,42183,3,7
8,42236,3,7
8,42307,3,7
8,42398,3,7
9,42682,1,2
9,42753,1,2
9,43331,1,2
9,43411,1,2
9,42824,3,2
9,42842,3,2
9,42913,3,2
9,42708,3,2
9,42968,3,2
9,43019,3,2
9,43073,3,2
9,43117,3,2
9,43180,3,2
9,43242,3,2
9,43279,3,2
9,43313,3,2
9,43466,3,2
9,43493,3,2
9,43563,3,2
9,43625,3,2
9,43652,3,2
9,43698,3,2
9,43732,3,2
9,43787,3,2
9,43812,3,2
9,43867,3,2
9,43929,3,2
9,43992,3,2
9,44060,3,2
9,44113,3,2
9,42771,3,2
9,44140,3,2
9,44177,3,2
9,44202,3,2
9,44257,3,2
9,44300,3,2
9,44328,3,2
9,44355,3,2
9,44391,3,2
9,44435,3,2
9,44462,3,2
9,44505,3,2
9,44532,3,2
10,44818,1,2
10,44845,1,2
10,47916,1,2
10,48744,1,2
10,44863,3,2
10,44989,3,2
10,44934,3,2
10,45003,3,2
10,45101,3,2
10,45245,3,2
10,45334,3,2
10,45361,3,2
10,45389,3,2
10,45496,3,2
10,45539,3,2
10,45619,3,2
10,45673,3,2
10,45815,3,2
10,45753,3,2
10,45888,3,2
10,45959,3,2
10,46019,3,2
10,46108,3,2
10,46180,3,2
10,46251,3,2
10,46313,3,2
10,46377,3,2
10,46439,3,2
10,46484,3,2
10,46554,3,2
10,46769,3,2
10,46803,3,2
10,46830,3,2
10,46867,3,2
10,46910,3,2
10,47006,3,2
10,47079,3,2
10,47159,3,2
10,47186,3,2
10,47300,3,2
10,47337,3,2
10,47630,3,2
10,47373,3,2
10,47417,3,2
10,47453,3,2
10,47578,3,2
10,47774,3,2
10,47818,3,2
10,47854,3,2
10,48021,3,2
10,48138,3,2
10,48227,3,2
10,48165,3,2
10,48557,3,2
10,48325,1,2
10,48487,3,2
10,48682,3,2
10,48771,3,2
10,48842,3,2
10,48922,3,2
10,48968,3,2
10,49019,3,2
10,49046,3,2
10,49073,3,2
10,49153,3,2
10,49206,3,2
10,49233,3,2
10,49313,3,2
10,49439,3,2
10,49484,3,2
10,49545,3,2
10,49625,3,2
10,49849,3,2
10,49643,3,2
10,49769,3,2
10,49894,3,2
10,49956,3,2
10,50399,3,2
10,50022,3,2
10,50068,3,2
10,50102,3,2
10,50228,3,2
10,50326,3,2
10,50415,3,2
10,50479,3,2
11,50790,1,5
11,51010,1,5
11,50889,1,5
11,50923,1,5
11,50969,1,5
11,51056,1,5
11,51118,1,5
11,51207,1,5
11,51243,3,5
11,51305,3,5
11,51332,3,5
11,51387,3,5
11,51449,3,5
11,51500,3,5
11,51546,3,5
11,51573,3,5
11,51626,3,5
11,51662,3,5
11,51699,3,5
11,51751,3,5
11,51804,3,5
11,51840,3,5
11,51948,3,5
11,51984,3,5
11,52035,3,5
11,51877,3,5
11,52062,3,5
11,52115,3,5
11,52160,3,5
11,53489,3,5
11,52570,3,5
11,52650,3,5
11,52696,3,5
11,52721,3,5
11,53700,3,5
11,52758,3,5
11,52785,3,5
11,52856,3,5
11,52909,3,5
11,52936,3,5
11,52954,3,5
11,52990,3,5
11,53023,3,5
11,53069,3,5
11,53103,3,5
11,53130,3,5
11,53167,3,5
11,53210,3,5
11,53247,3,5
11,53274,3,5
11,53327,3,5
11,53345,3,5
11,53372,3,5
11,50987,3,5
11,53425,3,5
11,53513,3,5
11,53577,3,5
11,53675,3,5
11,53639,3,5
11,53728,3,5
11,53755,3,5
11,53791,3,5
11,53853,3,5
11,54056,3,5
11,54109,3,5
11,54163,3,5
11,54350,3,5
11,54270,3,5
11,54305,3,5
11,54387,3,5
11,54412,3,5
11,54485,3,5
11,54500,3,5
11,54537,3,5
11,54573,3,5
11,54617,3,5
11,54699,3,5
51,92569,1,3
51,101458,1,3
51,103032,1,3
51,93888,1,3
51,100610,1,3
51,94125,3,3
51,101083,3,3
51,92961,3,3
51,101724,3,3
51,101804,3,3
51,101822,3,3
51,93085,3,3
51,102419,3,3
51,93281,3,3
51,93325,3,3
51,93370,3,3
51,93441,3,3
51,93487,3,3
51,93539,3,3
51,102838,3,3
51,102945,3,3
51,103014,3,3
51,93664,3,3
51,103568,3,3
51,103764,3,3
51,93771,3,3
51,93815,3,3
51,93851,3,3
51,104083,3,3
51,93931,3,3
51,104181,3,3
51,100638,3,3
51,92587,3,3
51,104323,3,3
51,104341,3,3
51,94223,3,3
51,104635,3,3
51,104751,3,3
51,94312,3,3
51,104886,3,3
51,105222,3,3
51,105384,3,3
51,105259,3,3
51,94562,3,3
51,94580,3,3
51,105455,3,3
51,105605,3,3
51,94606,3,3
51,94651,3,3
51,94731,3,3
51,105712,3,3
51,105829,3,3
51,94768,3,3
12,54975,1,6
12,55008,1,6
12,55259,1,6
12,55357,1,6
12,55384,1,6
12,55446,1,6
12,55473,3,6
12,55598,3,6
12,55623,3,6
12,55687,3,6
12,55776,3,6
12,55838,3,6
12,55918,3,6
12,56014,3,6
12,56096,3,6
12,56210,3,6
12,56265,3,6
12,56327,3,6
12,56354,3,6
12,56425,3,6
12,56461,3,6
12,56522,3,6
12,56568,3,6
12,56666,3,6
12,57314,3,6
12,56773,3,6
12,56844,3,6
12,56988,3,6
12,57083,3,6
12,57163,3,6
12,57225,3,6
12,57350,3,6
12,57449,3,6
12,55062,3,6
12,57546,3,6
12,57582,3,6
12,57644,3,6
12,57706,3,6
12,57742,3,6
12,57948,3,6
12,57831,3,6
12,57902,3,6
12,58008,3,6
12,58142,3,6
12,58204,3,6
12,55106,3,6
12,58259,3,6
12,58311,3,6
12,58357,3,6
12,58393,3,6
12,58464,3,6
12,58534,3,6
12,55160,3,6
12,55277,3,6
12,58552,3,6
12,58623,3,6
12,58721,3,6
12,58794,3,6
12,58856,3,6
12,58918,3,6
12,58990,3,6
12,59041,3,6
12,59130,3,6
12,59238,3,6
12,59283,3,6
12,59434,3,6
12,55311,3,6
12,59498,3,6
12,59586,3,6
12,59327,3,6
12,59416,3,6
12,59657,3,6
12,59826,3,6
12,59693,3,6
12,59764,3,6
12,59880,3,6
12,59942,3,6
12,60026,3,6
12,60062,3,6
12,60099,3,6
13,60419,1,2
13,60482,1,2
13,60847,1,2
13,62360,1,2
13,60776,1,2
13,60455,1,2
13,60801,1,2
13,60507,1,2
13,62397,1,2
13,60687,1,2
13,60534,1,2
13,60598,3,2
13,60883,3,2
13,60570,3,2
13,60945,3,2
13,61005,3,2
13,63198,3,2
13,61069,1,2
13,61121,3,2
13,61167,3,2
13,61210,3,2
13,61256,3,2
13,61283,3,2
13,61318,3,2
13,61372,3,2
13,61452,3,2
13,61513,3,2
13,61559,3,2
13,61620,3,2
13,61675,3,2
13,61737,3,2
13,63161,3,2
13,61808,3,2
13,61826,3,2
13,61871,3,2
13,61951,3,2
13,62020,3,2
13,60632,3,2
13,62057,3,2
13,63152,3,2
13,62137,3,2
13,62253,3,2
13,62191,3,2
13,62280,3,2
13,62440,3,2
13,62486,3,2
13,62538,3,2
13,62609,3,2
13,62672,3,2
13,62707,3,2
13,62761,3,2
13,62798,3,2
13,62878,3,2
13,62823,3,2
13,62903,3,2
13,62949,3,2
13,62985,3,2
13,63045,3,2
13,63072,3,2
13,63189,3,2
13,60721,3,2
13,63125,3,2
13,63170,3,2
14,63394,1,7
14,63447,1,7
14,63526,1,7
14,63580,1,7
14,63740,1,7
14,63777,3,7
14,63633,3,7
14,63802,3,7
14,63866,3,7
14,63893,3,7
14,63937,3,7
14,64041,3,7
14,64005,3,7
14,64096,3,7
14,64130,3,7
14,64194,3,7
14,64238,3,7
14,63553,3,7
14,64265,3,7
14,64318,3,7
14,64345,3,7
14,64390,3,7
14,64425,3,7
14,64461,3,7
14,64504,3,7
14,64568,3,7
14,64602,3,7
14,64639,3,7
14,64719,3,7
14,64773,3,7
14,64826,3,7
14,63688,3,7
14,64871,3,7
14,64942,3,7
14,64906,3,7
14,64997,3,7
14,65048,3,7
14,65011,3,7
15,65342,1,3
15,65609,1,3
15,65681,1,3
15,65841,1,3
15,65921,1,3
15,66081,1,3
15,65379,3,3
15,66198,3,3
15,66223,3,3
15,66330,3,3
15,66401,3,3
15,66009,3,3
15,66152,3,3
15,101341,3,3
15,66438,3,3
15,66474,3,3
15,101564,3,3
15,66526,3,3
15,101840,3,3
15,66580,3,3
15,66697,3,3
15,66731,3,3
15,66768,3,3
15,66857,3,3
15,66955,3,3
15,67014,3,3
15,67121,3,3
15,67167,3,3
15,102286,3,3
15,67256,3,3
15,67292,3,3
15,65413,3,3
15,67327,3,3
15,67407,3,3
15,67470,3,3
15,67522,3,3
15,65707,3,3
15,67595,3,3
15,67648,3,3
15,67675,3,3
15,67737,3,3
15,65869,3,3
15,67773,3,3
15,67835,3,3
15,67906,3,3
15,67942,3,3
15,68002,3,3
15,68048,3,3
15,68128,3,3
15,68182,3,3
15,68253,3,3
15,65645,3,3
15,104387,3,3
15,68280,3,3
15,68324,3,3
15,68342,3,3
15,65752,3,3
15,68404,3,3
15,68431,3,3
15,68468,3,3
15,68529,3,3
15,68565,3,3
15,68627,1,3
15,65431,3,3
15,68716,3,3
15,68789,3,3
15,68887,3,3
15,105142,3,3
15,65477,3,3
15,105534,3,3
15,68921,3,3
15,68976,3,3
15,65501,3,3
15,69250,3,3
15,69063,3,3
15,69170,3,3
15,69303,3,3
15,69447,3,3
15,69330,3,3
15,69394,3,3
15,69526,3,3
15,69615,3,3
16,69900,1,4
16,70316,1,4
16,70352,1,4
16,70414,1,4
16,70502,1,4
16,70520,3,4
16,70566,3,4
16,70637,3,4
16,70673,3,4
16,70726,3,4
16,70744,3,4
16,70879,1,4
16,70940,3,4
16,70897,3,4
16,70968,3,4
16,70986,3,4
16,71055,3,4
16,71126,3,4
16,71199,3,4
16,71260,3,4
16,69964,3,4
16,71340,3,4
16,71607,3,4
16,71457,3,4
16,71518,3,4
16,71536,3,4
16,71572,3,4
16,71634,3,4
16,71698,3,4
16,71723,3,4
16,71787,3,4
16,71812,3,4
16,71858,3,4
16,71885,3,4
16,71910,3,4
16,72007,1,4
16,71956,3,4
16,72034,3,4
16,72052,3,4
16,72098,3,4
16,72150,3,4
16,72221,3,4
16,72276,3,4
16,72383,3,4
16,72409,3,4
16,72463,3,4
16,72579,3,4
16,72506,3,4
16,72533,3,4
16,72604,3,4
16,72640,3,4
16,72677,3,4
16,72819,3,4
16,70094,3,4
16,72882,3,4
16,72926,3,4
16,72953,3,4
16,72980,3,4
16,73013,3,4
16,73031,3,4
16,73068,3,4
16,73317,3,4
16,73102,3,4
16,73246,3,4
16,73335,3,4
16,73371,3,4
16,73460,3,4
16,73503,3,4
16,73567,3,4
16,73594,3,4
16,73629,3,4
16,73665,3,4
16,73709,3,4
16,70110,3,4
16,73736,3,4
16,73772,3,4
16,73852,3,4
16,73905,3,4
16,73923,3,4
16,73996,3,4
16,74028,3,4
16,74073,3,4
16,74108,3,4
16,74135,3,4
16,74171,3,4
16,74224,3,4
16,70174,3,4
16,74242,3,4
16,74322,3,4
16,74359,3,4
16,74411,3,4
16,74509,3,4
16,74536,3,4
16,74554,3,4
16,74581,3,4
16,74732,3,4
16,74750,3,4
16,74616,3,4
16,74705,3,4
17,75098,1,2
17,75203,1,2
17,75338,1,2
17,75472,1,2
17,75542,3,2
17,75613,3,2
17,75668,3,2
17,75686,3,2
17,75515,3,2
17,75356,3,2
17,75766,3,2
17,75711,3,2
17,75819,3,2
17,75864,3,2
17,75917,3,2
17,76004,3,2
17,75953,3,2
17,76040,3,2
17,76111,3,2
17,76139,3,2
17,76157,3,2
17,75221,3,2
17,76175,3,2
17,76255,3,2
17,76282,3,2
17,76317,3,2
17,76353,3,2
17,76406,3,2
17,76497,3,2
17,76558,3,2
17,76585,3,2
17,76601,3,2
17,76638,3,2
17,76674,3,2
17,76718,3,2
17,76692,3,2
17,76745,3,2
17,75258,3,2
17,76763,3,2
17,76807,3,2
17,76932,3,2
17,76969,3,2
17,76996,3,2
17,77028,3,2
17,77082,3,2
17,77126,3,2
17,77153,3,2
17,75114,3,2
17,77180,3,2
17,77224,3,2
17,77260,3,2
17,77288,3,2
17,77377,3,2
17,77313,3,2
17,77331,3,2
17,77402,3,2
17,77475,3,2
17,75150,3,2
17,77509,3,2
17,77536,3,2
52,100521,1,3
52,101190,1,3
52,104136,1,3
52,100781,3,3
52,101001,3,3
52,101163,3,3
52,101378,3,3
52,101519,3,3
52,101617,3,3
52,101662,3,3
52,101984,3,3
52,102071,3,3
52,102106,3,3
52,102348,3,3
52,102446,3,3
52,102794,3,3
52,102909,3,3
52,103087,3,3
52,103194,3,3
52,103238,3,3
52,103309,3,3
52,103372,3,3
52,103354,3,3
52,103407,3,3
52,103470,3,3
52,103639,3,3
52,103693,3,3
52,103899,3,3
52,103997,3,3
52,104047,3,3
52,104225,3,3
52,104118,3,3
52,104485,3,3
52,104519,3,3
52,104680,3,3
52,104715,3,3
52,104788,3,3
52,104831,3,3
52,104975,3,3
52,105106,3,3
52,100549,3,3
52,105295,3,3
52,105348,3,3
52,154709,3,3
52,105623,3,3
52,105776,3,3
52,105972,3,3
52,105874,3,3
52,105909,3,3
18,77812,1,4
18,79308,1,4
18,78141,1,4
18,78258,1,4
18,82895,1,4
18,78454,1,4
18,78329,1,4
18,78472,3,4
18,78542,3,4
18,78604,3,4
18,78668,3,4
18,78711,3,4
18,78748,3,4
18,77910,3,4
18,79004,3,4
18,78828,3,4
18,78873,3,4
18,78926,3,4
18,79077,3,4
18,79157,3,4
18,79237,3,4
18,79362,3,4
18,79406,3,4
18,79736,3,4
18,79497,3,4
18,79585,3,4
18,79656,3,4
18,79834,3,4
18,79932,3,4
18,80043,3,4
18,80123,3,4
18,80249,3,4
18,78016,3,4
18,80285,3,4
18,80365,3,4
18,80427,3,4
18,80506,3,4
18,80560,3,4
18,80613,3,4
18,80677,3,4
18,80711,3,4
18,80766,3,4
18,80846,3,4
18,80908,3,4
18,80980,3,4
18,81095,3,4
18,81184,3,4
18,81264,3,4
18,81380,3,4
18,81415,3,4
18,81497,3,4
18,81576,3,4
18,81754,3,4
18,81656,3,4
18,81816,3,4
18,81987,3,4
18,81861,3,4
18,82047,3,4
18,82136,3,4
18,82243,3,4
18,82314,3,4
18,82680,3,4
18,82396,3,4
18,82430,1,4
18,82555,3,4
18,82617,1,4
18,78089,3,4
18,82733,3,4
18,82779,3,4
18,82831,3,4
19,83320,1,7
19,83133,1,7
19,83428,1,7
19,83464,1,7
19,83491,1,7
19,83525,1,7
19,83561,1,7
19,83632,1,7
19,83749,1,7
19,83785,3,7
19,83847,3,7
19,83936,3,7
19,83151,3,7
19,83963,3,7
19,84102,3,7
19,83981,3,7
19,84086,3,7
19,84148,3,7
19,84175,3,7
19,84237,3,7
19,84380,3,7
19,84264,3,7
19,84344,3,7
19,83197,3,7
19,84415,3,7
19,84460,3,7
19,84558,3,7
19,84594,3,7
19,84629,3,7
19,84656,3,7
19,84754,3,7
19,84825,3,7
19,84923,3,7
19,85056,3,7
19,85074,3,7
19,85127,3,7
19,85243,3,7
19,83375,3,7
19,85289,3,7
19,85341,3,7
19,85412,3,7
19,85467,3,7
19,85680,3,7
19,85760,3,7
19,85788,3,7
19,85840,3,7
19,85528,3,7
19,85582,3,7
19,85626,3,7
19,85984,3,7
19,85877,3,7
19,85920,3,7
19,86133,3,7
19,86188,3,7
19,86222,3,7
19,86311,3,7
19,86339,3,7
19,86366,3,7
20,86687,1,5
20,87291,1,5
20,86810,1,5
20,87638,1,5
20,86990,1,5
20,87219,1,5
20,87424,1,5
20,87576,1,5
20,87059,1,5
20,87077,1,5
20,87665,1,5
20,87139,1,5
20,87175,1,5
20,88047,3,5
20,87745,3,5
20,88092,3,5
20,87843,3,5
20,87246,3,5
20,87996,3,5
20,88216,3,5
20,88261,3,5
20,88350,3,5
20,88449,3,5
20,88546,3,5
20,88644,3,5
20,88788,3,5
20,88868,3,5
20,88920,3,5
20,89026,3,5
20,89080,3,5
20,86749,3,5
20,89151,3,5
20,89240,3,5
20,87362,3,5
20,89348,3,5
20,89428,3,5
20,89561,1,5
20,86883,3,5
20,89687,3,5
20,89801,3,5
20,89856,3,5
20,89954,3,5
20,90066,3,5
20,90119,3,5
20,90208,3,5
20,90262,3,5
20,90342,3,5
20,90431,3,5
20,90538,3,5
20,90725,3,5
20,90663,3,5
20,90878,3,5
20,90805,3,5
20,90994,3,5
20,91116,3,5
20,91232,3,5
20,91054,3,5
20,91330,3,5
20,86936,3,5
20,91447,3,5
20,91535,3,5
20,91624,3,5
20,91688,3,5
20,91731,3,5
20,91937,3,5
20,91795,3,5
20,91982,3,5
20,92097,3,5
20,92177,3,5
21,92658,1,3
21,92701,1,3
21,100683,1,3
21,92765,1,3
21,100754,3,3
21,92783,3,3
21,100852,3,3
21,92836,1,3
21,92872,3,3
21,100870,3,3
21,100923,3,3
21,92907,3,3
21,101056,3,3
21,92989,3,3
21,101243,3,3
21,93021,3,3
21,93067,1,3
21,100709,3,3
21,93101,3,3
21,93156,3,3
21,93209,3,3
21,93236,3,3
21,102240,3,3
21,102641,3,3
21,102703,3,3
21,93575,3,3
21,102749,1,3
21,103283,3,3
21,93600,3,3
21,93628,3,3
21,93646,3,3
21,93717,3,3
21,93735,3,3
21,103862,3,3
21,103960,3,3
21,100736,3,3
21,93995,3,3
21,94045,3,3
21,94081,3,3
21,104270,3,3
21,94107,3,3
21,94161,3,3
21,94269,3,3
21,94330,3,3
21,94376,3,3
21,94429,3,3
21,94456,3,3
21,105026,3,3
21,94492,3,3
21,94535,3,3
21,94688,3,3
21,105794,3,3
21,94795,3,3
22,95060,1,1
22,95391,1,1
22,95355,1,1
22,95471,1,1
22,95612,3,1
22,95667,3,1
22,95747,3,1
22,95792,3,1
22,95088,3,1
22,95872,3,1
22,95943,3,1
22,96058,3,1
22,96110,3,1
22,96147,3,1
22,96192,3,1
22,96254,3,1
22,96334,3,1
22,96370,3,1
22,96423,3,1
22,96478,3,1
22,96593,3,1
22,96637,3,1
22,96664,3,1
22,96717,3,1
22,96815,3,1
22,96888,3,1
22,96904,3,1
22,96940,3,1
22,97009,3,1
22,97063,3,1
22,97090,3,1
22,97189,3,1
22,97241,3,1
22,97321,3,1
22,97394,3,1
22,97438,3,1
22,97465,3,1
22,95159,3,1
22,97517,3,1
22,97553,3,1
22,97606,3,1
22,97679,3,1
22,97722,3,1
22,97777,3,1
22,97811,3,1
22,97875,3,1
22,97919,3,1
22,98051,3,1
22,98113,3,1
22,98168,3,1
22,98202,3,1
22,98220,3,1
22,98257,3,1
22,98300,3,1
22,98337,3,1
22,98373,1,1
22,98435,3,1
22,98505,3,1
22,98603,3,1
22,98649,3,1
22,98685,3,1
22,95239,3,1
22,98738,3,1
22,98774,3,1
22,98916,3,1
22,99290,3,1
22,98827,3,1
22,98998,3,1
22,99058,3,1
22,99370,3,1
22,99101,3,1
22,99165,3,1
22,99209,3,1
22,99441,3,1
22,95499,3,1
22,99478,3,1
22,99673,3,1
22,99780,3,1
22,99879,3,1
22,99539,3,1
22,95293,3,1
22,99600,3,1
22,99922,3,1
22,96003,3,1
22,99968,3,1
22,100086,3,1
22,100004,3,1
22,100148,3,1
22,100219,3,1
23,100576,1,8
23,102543,3,8
23,100834,3,8
23,100969,3,8
23,101145,3,8
23,179221,1,8
23,101298,3,8
23,101742,3,8
23,179249,3,8
23,179285,1,8
23,101902,3,8
23,101957,3,8
23,102035,3,8
23,102160,3,8
23,102213,3,8
23,102525,3,8
23,102473,3,8
23,179310,3,8
23,102570,3,8
23,102605,3,8
23,103130,3,8
23,179347,3,8
23,103443,3,8
23,103513,3,8
23,179383,3,8
23,179409,1,8
23,104243,3,8
23,179463,3,8
23,104421,3,8
23,179481,1,8
23,179515,1,8
23,104546,3,8
23,104582,3,8
23,179533,1,8
23,105160,3,8
23,105419,3,8
23,105570,3,8
23,105936,3,8
23,179551,1,8
24,106318,1,6
24,106559,1,6
24,106684,1,6
24,106746,1,6
24,106782,1,6
24,108963,1,6
24,106817,1,6
24,106979,1,6
24,107001,3,6
24,107047,3,6
24,107083,3,6
24,107118,3,6
24,107154,3,6
24,107314,3,6
24,107190,3,6
24,107234,3,6
24,107270,3,6
24,107350,3,6
24,107403,3,6
24,107430,3,6
24,107485,3,6
24,107519,3,6
24,107546,3,6
24,107715,3,6
24,107582,3,6
24,107662,3,6
24,107733,3,6
24,107868,3,6
24,107920,3,6
24,107975,3,6
24,108017,1,6
24,108035,3,6
24,108106,3,6
24,108151,3,6
24,106363,3,6
24,108204,3,6
24,108222,3,6
24,108240,3,6
24,108268,3,6
24,108348,3,6
24,108366,3,6
24,108400,3,6
24,108455,3,6
24,108473,3,6
24,179604,3,6
24,106407,3,6
24,108491,3,6
24,108552,3,6
24,108598,3,6
24,108614,3,6
24,108632,3,6
24,108669,3,6
24,108696,3,6
24,108794,3,6
24,108874,3,6
24,108892,1,6
24,108918,3,6
24,108945,3,6
24,106620,3,6
24,108712,3,6
24,109096,3,6
24,109176,1,6
24,109005,3,6
24,109041,3,6
24,106461,1,6
24,109265,1,6
24,106648,3,6
24,109354,3,6
24,109425,3,6
24,109504,3,6
25,109773,1,4
25,109924,1,4
25,110063,1,4
25,110116,1,4
25,110232,1,4
25,110571,3,4
25,110296,3,4
25,110535,3,4
25,110456,3,4
25,110688,3,4
25,110740,3,4
25,110820,3,4
25,110875,3,4
25,110946,3,4
25,111006,3,4
25,111097,3,4
25,111220,3,4
25,111275,3,4
25,111417,3,4
25,111444,3,4
25,111550,3,4
25,111480,3,4
25,112904,3,4
25,111587,3,4
25,112245,3,4
25,111685,3,4
25,111783,3,4
25,111818,3,4
25,111863,3,4
25,111916,3,4
25,111989,3,4
25,112030,3,4
25,112076,3,4
25,112129,3,4
25,112263,3,4
25,112334,3,4
25,112370,3,4
25,112469,3,4
25,112548,3,4
25,112600,3,4
25,112664,3,4
25,112744,3,4
25,110027,3,4
25,112771,3,4
25,112806,3,4
25,112879,3,4
25,112959,3,4
25,112995,3,4
25,113153,3,4
25,113206,3,4
25,113233,3,4
25,113395,3,4
25,113466,3,4
25,113493,3,4
25,109826,3,4
25,113625,3,4
25,113698,3,4
25,113518,3,4
25,113607,3,4
25,113732,3,4
25,113849,3,4
25,113894,3,4
25,113929,3,4
25,113974,3,4
26,114319,1,7
26,114809,1,7
26,114514,1,7
26,117827,1,7
26,114710,1,7
26,114854,1,7
26,114925,1,7
26,114970,3,7
26,115076,3,7
26,114603,3,7
26,115147,3,7
26,115183,3,7
26,115236,3,7
26,115575,3,7
26,115307,3,7
26,115600,3,7
26,115637,3,7
26,115389,3,7
26,115520,3,7
26,115708,3,7
26,115771,3,7
26,115824,3,7
26,115897,3,7
26,115851,3,7
26,115959,3,7
26,116046,3,7
26,116126,3,7
26,116171,3,7
26,116224,3,7
26,116288,3,7
26,116340,3,7
26,114355,3,7
26,116395,3,7
26,116439,3,7
26,116493,3,7
26,116545,3,7
26,116590,3,7
26,116652,3,7
26,116796,3,7
26,116723,3,7
26,116867,3,7
26,116938,3,7
26,116983,3,7
26,117042,3,7
26,117113,3,7
26,117177,3,7
26,117275,3,7
26,117319,3,7
26,117426,3,7
26,117505,3,7
26,117550,3,7
26,117667,3,7
26,117783,3,7
26,117925,3,7
26,117998,3,7
26,118058,3,7
26,118094,3,7
26,118209,3,7
26,118281,1,7
26,118370,3,7
26,118469,3,7
26,118511,3,7
26,118575,3,7
26,118691,3,7
26,118637,3,7
26,118753,3,7
26,118799,3,7
26,118824,3,7
26,118931,3,7
26,118995,3,7
26,119153,3,7
26,114382,3,7
26,114417,3,7
26,119331,1,7
26,119386,3,7
26,119466,3,7
26,119527,3,7
26,114453,3,7
26,119242,1,7
26,119206,3,7
26,119750,3,7
26,119803,3,7
26,119590,3,7
26,119625,3,7
26,119661,3,7
26,119723,3,7
26,119858,3,7
26,119894,1,7
26,119974,3,7
26,120254,3,7
26,120076,3,7
26,120138,3,7
26,120174,3,7
26,120218,3,7
26,120316,3,7
26,120343,3,7
26,120370,3,7
27,120726,1,1
27,120860,1,1
27,120968,1,1
27,121055,1,1
27,121108,3,1
27,121153,3,1
27,121242,3,1
27,121466,3,1
27,121297,3,1
27,121340,3,1
27,121386,3,1
27,121607,3,1
27,121652,3,1
27,121732,3,1
27,121796,3,1
27,121876,3,1
27,121938,3,1
27,122061,3,1
27,122025,3,1
27,120888,3,1
27,122132,3,1
27,122187,3,1
27,122249,3,1
27,122285,3,1
27,122347,3,1
27,122392,3,1
27,122463,3,1
27,120771,3,1
27,122551,3,1
27,122613,3,1
27,122828,3,1
27,122668,3,1
27,122702,3,1
27,122864,3,1
27,122908,3,1
27,122953,3,1
27,120922,3,1
27,123013,3,1
27,123102,3,1
27,123175,3,1
27,123228,3,1
27,123255,3,1
27,123601,3,1
27,123371,3,1
27,123424,3,1
27,123479,3,1
27,123521,3,1
27,123674,3,1
27,123790,3,1
27,123709,3,1
27,123914,3,1
27,123969,3,1
27,124028,3,1
27,124073,3,1
27,124117,1,1
27,124206,3,1
27,124153,3,1
27,120824,3,1
27,124233,3,1
27,124331,3,1
27,124411,3,1
27,124634,3,1
27,124493,3,1
27,124563,3,1
27,124616,3,1
27,124803,3,1
27,124661,3,1
27,124723,3,1
27,124750,3,1
27,124849,3,1
27,124885,3,1
27,125016,3,1
27,124938,3,1
27,125061,3,1
28,125347,1,4
28,125472,1,4
28,125418,1,4
28,125542,1,4
28,125622,1,4
28,128105,1,4
28,128711,1,4
28,125659,3,4
28,125677,3,4
28,125757,3,4
28,125846,3,4
28,125873,3,4
28,126022,3,4
28,125962,3,4
28,125999,3,4
28,126077,3,4
28,126166,3,4
28,126102,3,4
28,126148,3,4
28,126228,3,4
28,126326,3,4
28,126380,3,4
28,126406,3,4
28,126503,3,4
28,126433,3,4
28,126585,3,4
28,126647,3,4
28,126674,3,4
28,126718,3,4
28,126772,3,4
28,126825,3,4
28,125490,3,4
28,126905,3,4
28,126978,3,4
28,127019,3,4
28,127064,3,4
28,125588,3,4
28,127126,3,4
28,127144,3,4
28,127171,3,4
28,127224,3,4
28,127251,3,4
28,127288,3,4
28,127322,3,4
28,127368,3,4
28,127386,3,4
28,127411,3,4
28,127493,3,4
28,127536,3,4
28,127563,3,4
28,127625,3,4
28,127689,3,4
28,127714,3,4
28,127750,3,4
28,127812,3,4
28,127858,3,4
28,127901,3,4
28,127938,3,4
28,127983,3,4
28,128178,3,4
28,128052,3,4
28,128221,3,4
28,128301,3,4
28,128374,1,4
28,128436,3,4
28,128472,3,4
28,128524,3,4
28,128560,3,4
28,128588,3,4
28,128882,3,4
28,128613,3,4
28,128659,3,4
28,128864,3,4
28,129246,3,4
28,125374,3,4
28,128962,3,4
28,129040,3,4
28,129282,3,4
28,129095,3,4
28,129111,3,4
28,129139,3,4
28,129184,3,4
28,129317,3,4
28,129380,3,4
28,129460,3,4
28,129503,3,4
28,129567,3,4
28,129585,3,4
28,129629,3,4
28,129718,3,4
28,129745,3,4
28,129987,3,4
28,129656,3,4
28,129763,3,4
28,129816,3,4
28,129898,3,4
28,129914,3,4
28,130026,3,4
28,130062,3,4
28,130124,3,4
28,130231,3,4
29,130534,1,3
29,131256,1,3
29,130954,1,3
29,130981,1,3
29,131069,1,3
29,131103,1,3
29,131210,1,3
29,131336,1,3
29,131407,1,3
29,131443,1,3
29,131540,1,3
29,131577,1,3
29,131620,1,3
29,131817,1,3
29,131899,3,3
29,131933,3,3
29,131988,3,3
29,132011,3,3
29,132075,3,3
29,132137,3,3
29,132164,3,3
29,132226,3,3
29,132271,3,3
29,132315,3,3
29,130552,3,3
29,130614,3,3
29,132342,3,3
29,130678,3,3
29,132379,3,3
29,130712,3,3
29,132404,3,3
29,130785,3,3
29,132459,3,3
29,132486,3,3
29,132510,3,3
29,132574,3,3
29,132645,3,3
29,132681,3,3
29,132716,3,3
29,132752,3,3
29,132805,3,3
29,132841,3,3
29,133018,3,3
29,132896,3,3
29,133090,3,3
29,131461,3,3
29,133278,3,3
29,133161,3,3
29,133214,3,3
29,133330,3,3
29,133394,3,3
29,133429,3,3
29,133508,3,3
29,133562,3,3
29,133615,3,3
29,133688,3,3
29,131835,3,3
29,133722,3,3
29,133795,3,3
29,133866,3,3
29,133919,3,3
29,133964,3,3
29,134014,3,3
29,134050,3,3
29,134096,3,3
29,134194,3,3
29,134336,3,3
29,130847,3,3
29,134390,3,3
29,134443,3,3
29,131274,3,3
29,134559,3,3
29,134648,3,3
29,134755,3,3
29,134853,3,3
29,134899,3,3
29,134942,3,3
29,135020,3,3
29,135128,3,3
29,135146,3,3
29,135244,3,3
29,135164,3,3
29,135226,3,3
29,135431,3,3
29,135501,3,3
29,135547,3,3
29,135315,3,3
29,135618,3,3
29,135404,3,3
29,135654,3,3
29,130892,3,3
29,135681,3,3
29,135725,3,3
29,135789,3,3
29,135850,3,3
29,135896,3,3
29,136198,3,3
29,135949,3,3
29,136107,3,3
29,136134,3,3
30,136483,1,6
30,136526,1,6
30,136599,1,6
30,136642,1,6
30,136713,3,6
30,136768,3,6
30,136802,3,6
30,136848,1,6
30,137103,3,6
30,136919,3,6
30,136964,3,6
30,137032,3,6
30,137069,3,6
30,137130,3,6
30,137185,3,6
30,137229,3,6
30,137274,3,6
30,136553,3,6
30,137292,3,6
30,137363,3,6
30,137407,3,6
30,137443,3,6
30,137504,3,6
30,137540,3,6
30,137611,3,6
30,137675,3,6
30,137728,3,6
30,137746,3,6
30,137764,3,6
30,137844,3,6
30,137899,3,6
30,137960,3,6
30,138039,1,6
30,138084,3,6
30,138164,3,6
30,138208,3,6
30,138280,3,6
30,138351,3,6
30,138431,3,6
30,138501,3,6
30,138538,3,6
30,138574,3,6
30,138618,3,6
30,138770,3,6
30,138663,3,6
30,138734,3,6
30,138805,3,6
30,138869,3,6
30,138921,3,6
30,139009,3,6
30,139143,3,6
30,139054,3,6
30,139107,3,6
30,139170,3,6
30,139214,3,6
30,139250,3,6
30,139287,3,6
30,139330,3,6
30,139358,3,6
30,139394,3,6
31,139704,1,6
31,139740,1,6
31,139811,1,6
31,139884,1,6
31,139937,3,6
31,139982,3,6
31,140084,3,6
31,140146,3,6
31,140208,3,6
31,140244,3,6
31,140280,3,6
31,140324,3,6
31,140379,3,6
31,140440,3,6
31,140477,3,6
31,140501,3,6
31,140547,3,6
31,140583,3,6
31,140627,3,6
31,140672,3,6
31,140823,3,6
31,140770,3,6
31,140869,3,6
31,140958,3,6
31,141027,3,6
31,141081,3,6
31,141134,3,6
31,141232,3,6
31,141312,3,6
31,141376,3,6
31,141447,3,6
31,141535,3,6
31,141580,3,6
31,141722,3,6
31,141786,3,6
31,141884,3,6
31,142006,3,6
31,141946,3,6
31,142079,3,6
31,142122,3,6
31,142177,3,6
31,142239,3,6
31,142284,3,6
31,142337,3,6
31,142373,3,6
31,142426,3,6
31,142499,3,6
31,142612,3,6
31,142550,3,6
31,142854,3,6
31,142676,3,6
31,142881,3,6
31,142710,3,6
31,142774,3,6
31,179631,3,6
31,142952,3,6
31,143021,3,6
31,143067,3,6
31,143147,3,6
32,143450,1,7
32,143619,1,7
32,143682,1,7
32,144054,1,7
32,143735,1,7
32,143771,1,7
32,143806,1,7
32,143851,1,7
32,145827,1,7
32,143888,3,7
32,143922,3,7
32,143959,3,7
32,143995,3,7
32,144116,3,7
32,144152,3,7
32,144198,3,7
32,144232,3,7
32,144303,3,7
32,144376,3,7
32,144349,3,7
32,144410,3,7
32,144508,3,7
32,144535,3,7
32,144456,3,7
32,143487,3,7
32,144553,3,7
32,144599,3,7
32,144615,3,7
32,144651,3,7
32,144713,3,7
32,144731,3,7
32,144795,3,7
32,144866,3,7
32,144893,3,7
32,144964,3,7
32,144991,3,7
32,144928,1,7
32,145042,3,7
32,145104,3,7
32,145140,3,7
32,145202,3,7
32,145220,3,7
32,145275,3,7
32,143502,3,7
32,145293,3,7
32,145355,3,7
32,143520,3,7
32,145382,3,7
32,145408,3,7
32,145471,3,7
32,145499,1,7
32,145667,3,7
32,145738,3,7
32,143557,3,7
32,145603,3,7
32,145765,3,7
32,145792,3,7
32,143646,3,7
32,145907,3,7
32,145934,3,7
32,145961,3,7
32,145998,3,7
33,146263,1,1
33,146502,1,1
33,146539,1,1
33,146628,1,1
33,146584,1,1
33,146655,1,1
33,146708,1,1
33,146744,1,1
33,146799,3,1
33,146860,3,1
33,146904,3,1
33,146995,3,1
33,147036,3,1
33,147054,3,1
33,147072,3,1
33,147134,3,1
33,147161,3,1
33,147205,3,1
33,147241,3,1
33,147358,1,1
33,147465,3,1
33,147526,3,1
33,147633,1,1
33,147580,3,1
33,147713,3,1
33,147660,3,1
33,147786,3,1
33,147884,3,1
33,147937,3,1
33,148006,1,1
33,148097,3,1
33,148202,3,1
33,148131,3,1
33,148293,3,1
33,148328,3,1
33,148382,3,1
33,148426,3,1
33,148453,3,1
33,148514,3,1
33,148612,1,1
33,148667,3,1
33,148694,3,1
33,148729,3,1
33,148765,3,1
33,148872,3,1
33,148916,3,1
33,148970,3,1
33,149101,3,1
33,149049,3,1
33,149138,3,1
33,146281,3,1
33,149183,3,1
33,149227,1,1
33,149316,3,1
33,149370,3,1
33,149290,3,1
33,146931,1,1
33,146325,3,1
33,149414,3,1
33,149502,3,1
33,149539,3,1
33,149584,3,1
33,149655,3,1
33,149753,3,1
33,149682,3,1
33,149780,3,1
33,149833,3,1
33,149851,3,1
33,149931,3,1
33,149968,3,1
33,150043,3,1
33,150070,3,1
33,150114,3,1
33,150178,3,1
33,146370,1,1
33,150445,3,1
33,150196,3,1
33,146432,3,1
33,150221,3,1
33,150258,3,1
33,150294,3,1
33,150310,3,1
33,150356,3,1
33,150418,3,1
33,150524,3,1
33,150588,3,1
33,150702,3,1
33,150766,3,1
33,150891,3,1
33,150935,3,1
33,150980,3,1
33,151022,3,1
33,151077,3,1
33,151095,1,1
33,151120,3,1
33,151157,3,1
33,151246,3,1
33,151344,3,1
34,151790,1,3
34,151870,1,3
34,151683,1,3
34,151905,1,3
34,151978,1,3
34,152038,3,3
34,151996,3,3
34,152083,3,3
34,152127,3,3
34,152172,3,3
34,152234,3,3
34,152252,3,3
34,152270,3,3
34,152314,3,3
34,152332,3,3
34,152350,3,3
34,152412,3,3
34,152467,3,3
34,152500,3,3
34,152528,3,3
34,151709,3,3
34,152564,3,3
34,152582,3,3
34,152617,3,3
34,152662,3,3
34,151932,3,3
34,152724,3,3
34,152760,3,3
34,152797,3,3
34,152868,3,3
34,152902,3,3
34,152993,3,3
34,152948,3,3
34,153026,3,3
34,153062,3,3
34,151736,3,3
34,153106,3,3
34,153124,3,3
34,151763,3,3
34,153151,3,3
34,153240,3,3
34,153277,3,3
34,153339,3,3
34,153204,3,3
34,153295,3,3
34,153384,3,3
34,151816,3,3
34,153400,3,3
34,153437,3,3
34,153473,3,3
34,153507,3,3
34,153543,3,3
34,153561,3,3
34,153589,3,3
34,153623,3,3
34,153605,3,3
34,153696,3,3
34,151834,3,3
34,153829,3,3
34,153865,3,3
34,153909,3,3
34,153972,3,3
34,153936,3,3
34,154308,3,3
34,154013,3,3
34,154068,3,3
34,154139,3,3
34,154184,3,3
34,154166,3,3
34,154228,3,3
34,154282,3,3
34,154344,3,3
34,154380,3,3
34,154415,3,3
34,154497,3,3
34,154460,3,3
34,154521,3,3
34,154585,3,3
34,154665,3,3
34,154834,3,3
34,154736,3,3
34,154754,3,3
34,154790,3,3
34,154932,3,3
34,154852,3,3
34,154914,3,3
34,153776,3,3
34,154978,3,3
35,155243,1,5
35,155350,1,5
35,155403,1,5
35,155458,1,5
35,156801,1,5
35,155494,1,5
35,155528,1,5
35,155546,3,5
35,155591,3,5
35,155662,3,5
35,155957,3,5
35,155724,3,5
35,155760,3,5
35,155797,3,5
35,155840,3,5
35,155911,3,5
35,156035,3,5
35,156106,3,5
35,156151,3,5
35,156213,3,5
35,156259,3,5
35,156277,3,5
35,156311,3,5
35,156357,1,5
35,156437,3,5
35,156473,3,5
35,156534,3,5
35,156589,3,5
35,156623,3,5
35,156669,3,5
35,156712,3,5
35,156767,3,5
35,155261,3,5
35,156927,3,5
35,157004,3,5
35,157086,1,5
35,157031,3,5
35,155289,3,5
35,157193,3,5
35,157246,3,5
35,157273,3,5
35,155314,3,5
35,157317,3,5
35,157362,3,5
35,157424,3,5
35,157451,3,5
35,157497,3,5
35,157530,3,5
35,157736,3,5
35,157585,3,5
35,157683,3,5
35,157781,3,5
35,157834,3,5
35,157898,3,5
35,157923,3,5
35,157969,3,5
35,158010,3,5
35,158065,3,5
35,158109,3,5
35,158136,3,5
35,158181,3,5
35,158243,3,5
35,158314,1,5
35,158396,3,5
35,158564,3,5
35,158449,3,5
35,158779,3,5
35,158653,3,5
35,158699,3,5
35,158733,3,5
35,158528,3,5
35,158608,3,5
35,158804,3,5
35,158859,3,5
35,158895,3,5
35,158966,3,5
35,159035,3,5
35,159071,3,5
35,159142,3,5
35,159213,3,5
35,159259,3,5
35,159339,3,5
36,159614,1,2
36,159650,1,2
36,159687,1,2
36,159730,1,2
36,159767,1,2
36,159785,3,2
36,159847,3,2
36,159883,3,2
36,159945,3,2
36,159963,3,2
36,160092,3,2
36,160047,3,2
36,160127,3,2
36,160172,3,2
36,160225,3,2
36,160261,3,2
36,160305,3,2
36,160323,3,2
36,160387,3,2
36,160430,3,2
36,160458,3,2
36,160476,3,2
36,160528,3,2
36,161525,3,2
36,160564,3,2
36,160617,3,2
36,160644,3,2
36,160680,3,2
36,160724,3,2
36,160779,3,2
36,160831,3,2
36,160877,3,2
36,160911,3,2
36,160993,3,2
36,161035,3,2
36,161053,3,2
36,161106,3,2
36,161133,3,2
36,161151,3,2
36,161179,3,2
36,161231,3,2
36,161259,3,2
36,161286,3,2
36,161302,3,2
36,161348,3,2
36,161384,3,2
36,161464,3,2
36,161482,3,2
37,161945,1,1
37,161794,1,1
37,161829,1,1
37,161856,1,1
37,162014,3,1
37,162069,3,1
37,162149,3,1
37,162327,3,1
37,162381,3,1
37,162452,3,1
37,162194,3,1
37,162498,3,1
37,162559,3,1
37,162595,3,1
37,162693,3,1
37,162791,3,1
37,162871,3,1
37,162924,3,1
37,163002,3,1
37,163057,3,1
37,163137,3,1
37,163208,3,1
37,163253,3,1
37,163324,3,1
37,163379,3,1
37,164277,3,1
37,163486,3,1
37,163618,3,1
37,163681,3,1
37,163734,3,1
37,163789,3,1
37,163832,3,1
37,163903,3,1
37,164062,3,1
37,163967,3,1
37,164133,3,1
37,164197,3,1
37,164339,3,1
37,164393,3,1
37,164543,3,1
37,164598,3,1
37,164687,3,1
37,164749,3,1
37,164829,3,1
37,164892,3,1
37,164936,3,1
37,164981,1,1
37,165069,3,1
37,165130,3,1
37,165185,3,1
37,165274,3,1
37,165416,3,1
37,165336,3,1
37,165470,3,1
37,165611,3,1
37,165719,3,1
37,165817,3,1
37,165899,3,1
37,165979,3,1
37,166057,3,1
37,166137,3,1
37,166235,3,1
37,166182,3,1
37,166315,3,1
37,166413,3,1
37,166529,3,1
37,166636,3,1
37,166672,3,1
37,166707,3,1
37,166770,3,1
37,166869,3,1
37,166985,3,1
37,167035,3,1
37,167071,3,1
37,167179,3,1
38,167473,1,4
38,167981,1,4
38,167641,1,4
38,167696,1,4
38,167794,1,4
38,167909,1,4
38,168041,1,4
38,168130,1,4
38,168229,3,4
38,168309,3,4
38,168372,1,4
38,168452,1,4
38,168559,3,4
38,168602,1,4
38,168675,3,4
38,168755,3,4
38,168791,3,4
38,168880,3,4
38,168960,3,4
38,169119,3,4
38,169039,3,4
38,169182,3,4
38,169253,3,4
38,169306,3,4
38,169351,3,4
38,169404,3,4
38,169547,3,4
38,169681,3,4
38,169583,3,4
38,169896,3,4
38,169994,3,4
38,170097,3,4
38,170168,3,4
38,170220,3,4
38,170346,3,4
38,170444,3,4
38,170514,3,4
38,170685,3,4
38,170612,3,4
38,170792,3,4
38,170872,3,4
38,170952,3,4
38,171101,3,4
38,171209,3,4
38,171021,3,4
38,171272,3,4
38,171067,3,4
38,171325,3,4
38,171469,3,4
38,171539,3,4
38,171628,3,4
38,171806,3,4
38,171879,3,4
38,171931,3,4
38,171995,3,4
38,172082,3,4
38,172153,3,4
38,172279,3,4
38,172340,3,4
38,172377,3,4
38,172457,3,4
38,172509,3,4
38,172581,3,4
38,172698,3,4
38,172812,3,4
38,172894,3,4
38,172947,3,4
38,172992,3,4
38,173686,3,4
38,173061,3,4
38,173132,3,4
38,173748,3,4
38,173230,3,4
38,173374,3,4
38,173533,3,4
38,173793,3,4
38,173597,3,4
38,173855,3,4
38,173935,3,4
38,174021,3,4
38,174085,3,4
38,174156,3,4
38,174218,3,4
38,174254,3,4
38,174290,3,4
39,174744,1,2
39,174860,1,2
39,174922,1,2
39,175019,1,2
39,175055,1,2
39,175126,3,2
39,175206,3,2
39,175224,3,2
39,175260,3,2
39,175368,3,2
39,175439,3,2
39,175466,3,2
39,174780,3,2
39,175670,3,2
39,175732,3,2
39,175509,3,2
39,175590,3,2
39,175787,3,2
39,175885,3,2
39,175938,3,2
39,175983,3,2
39,176150,3,2
39,176212,3,2
39,174824,3,2
39,176301,3,2
39,176338,3,2
39,176445,3,2
39,176506,3,2
39,176551,3,2
39,176613,3,2
39,176686,3,2
39,176748,3,2
39,176793,3,2
39,176855,3,2
39,176891,3,2
39,176944,3,2
39,177003,3,2
39,177101,3,2
39,177236,3,2
39,177263,3,2
39,177352,3,2
39,177405,3,2
39,177469,3,2
39,177557,3,2
39,177600,3,2
39,177655,3,2
39,177726,3,2
39,177762,3,2
39,177799,3,2
39,177842,3,2
39,178046,3,2
39,177879,3,2
39,177986,3,2
39,178180,3,2
39,178117,3,2
39,178279,3,2
39,178313,3,2
39,178607,3,2
39,178689,3,2
39,178377,3,2
39,178475,3,2
39,178545,3,2
39,178750,3,2
39,178821,3,2
40,179132,1,8
40,179141,1,8
40,179150,1,8
40,179169,1,8
40,179178,1,8
40,179187,1,8
40,179196,1,8
14,65099,3,7
13,63278,3,2
13,63286,3,2
19,86438,3,7
19,86446,3,7
8,42449,3,7
24,179613,3,6
12,60169,3,6
33,151433,3,1
33,151442,3,1
33,151451,3,1
15,179640,3,3
6,179659,3,6
30,179677,3,6
6,179686,3,6
31,179695,3,6
8,42456,3,7
38,174496,3,4
5,32153,3,6
5,32161,3,6
13,63294,3,2
5,32179,3,6
8,42464,3,7
21,179702,3,3
5,32187,3,6
15,179711,3,3
33,151460,3,1
39,178885,3,2
39,178894,3,2
39,178901,3,2
39,178910,3,2
33,151479,3,1
27,125098,3,1
6,179720,3,6
3,20048,3,3
27,125105,3,1
3,20055,3,3
7,39942,3,1
7,39959,3,1
7,39967,3,1
33,151488,3,1
24,179622,3,6
34,154996,3,3
7,39975,3,1
26,120478,3,7
9,44560,3,2
52,179739,3,3
19,86453,3,7
33,151497,3,1
27,125114,3,1
36,161543,3,2
33,151503,3,1
33,151512,3,1
5,32195,3,6
37,167222,3,1
14,65105,3,7
37,167231,3,1
10,50549,3,2
27,125123,3,1
37,167240,3,1
37,167259,3,1
32,146012,3,7
14,65113,3,7
17,77561,3,2
8,42472,3,7
28,130286,3,4
36,161552,3,2
33,151521,3,1
1,9019,3,7
2,12912,3,5
2,12920,3,5
2,12938,3,5
3,20063,3,3
4,26320,3,1
7,39983,3,1
8,42480,3,7
13,63300,3,2
13,63318,3,2
14,65121,3,7
14,65139,3,7
16,74842,3,4
16,74859,3,4
16,74867,3,4
16,74875,3,4
16,74883,3,4
16,74891,3,4
16,74907,3,4
16,74915,3,4
16,74923,3,4
16,74931,3,4
16,74949,3,4
16,74956,3,4
17,77579,3,2
17,77587,3,2
19,86461,3,7
19,86479,3,7
19,86487,3,7
19,86495,3,7
19,86501,3,7
19,86519,3,7
52,179748,3,3
52,179757,3,3
52,179766,3,3
52,179775,3,3
21,179784,3,3
21,179793,3,3
21,179800,3,3
21,179819,3,3
21,179828,3,3
22,100273,3,1
22,100282,3,1
22,100308,3,1
22,100317,3,1
22,100326,3,1
22,100335,3,1
22,100344,3,1
22,100353,3,1
24,179837,3,6
24,179846,3,6
24,179855,3,6
24,179864,3,6
25,114060,3,4
25,114079,3,4
26,120487,3,7
26,120496,3,7
27,125132,3,1
27,125141,3,1
27,125150,3,1
28,130295,3,4
28,130302,3,4
28,130311,3,4
28,130320,3,4
28,130339,3,4
28,130348,3,4
28,130357,3,4
28,130366,3,4
28,130375,3,4
29,136241,3,3
29,136250,3,3
29,136269,3,3
30,179873,3,6
30,179882,3,6
32,146021,3,7
33,151530,3,1
33,151549,3,1
33,151558,3,1
34,155083,3,3
34,155092,3,3
34,155109,3,3
34,155118,3,3
34,155127,3,3
34,155136,3,3
34,155145,3,3
34,155154,3,3
35,159366,3,5
35,159375,3,5
35,159384,3,5
35,159393,3,5
35,159400,3,5
35,159419,3,5
35,159428,3,5
35,159437,3,5
35,159446,3,5
35,159455,3,5
35,159464,3,5
35,159473,3,5
37,167268,3,1
37,167277,3,1
37,167286,3,1
37,167295,3,1
37,167302,3,1
37,167311,3,1
37,167320,3,1
38,174502,3,4
38,174511,3,4
38,174520,3,4
39,178929,3,2
39,178938,3,2
39,178947,3,2
39,178956,3,2
33,151567,3,1
14,65147,3,7
26,120502,3,7
26,120511,3,7
13,63326,3,2
15,179891,3,3
22,100362,3,1
28,130384,3,4
15,179908,3,3
15,179917,3,3
15,179926,3,3
15,179935,3,3
10,50564,3,2
39,178965,3,2
4,26338,3,1
4,26346,3,1
4,26353,3,1
4,26361,3,1
6,179944,3,6
6,179953,3,6
8,42498,3,7
51,179962,3,3
13,63334,3,2
17,77595,3,2
21,179971,3,3
21,179980,3,3
21,179999,3,3
21,180000,3,3
21,180019,3,3
23,179588,3,8
27,125169,3,1
30,180028,3,6
33,151576,3,1
35,159482,3,5
36,161561,3,2
31,180037,3,6
27,125178,3,1
4,26379,3,1
21,180046,3,3
14,65154,3,7
29,136278,3,3
7,40035,3,1
1,9026,3,7
51,180055,3,3
21,180064,3,3
35,159491,3,5
33,151585,3,1
35,159507,3,5
5,32201,3,6
35,159516,3,5
17,77601,3,2
35,159525,3,5
30,180091,3,6
